{"cameraMode":{"drawMode":0,"name":"Shaded","section":"Shading Mode"},"sceneLighting":false,"audioPlay":false,"sceneViewState":{"showFog":true,"showMaterialUpdate":false,"showSkybox":false,"showFlares":true,"showImageEffects":true,"showParticleSystems":true},"in2DMode":false,"pivot":{"x":8.334936141967774,"y":3.3170571327209474,"z":34.216346740722659},"rotation":{"x":0.06443680077791214,"y":-0.922778308391571,"z":0.1768130511045456,"w":0.3363720178604126},"size":4.983250617980957,"orthographic":false}