{"cameraMode":{"drawMode":0,"name":"Shaded","section":"Shading Mode"},"sceneLighting":false,"audioPlay":false,"sceneViewState":{"showFog":true,"showMaterialUpdate":false,"showSkybox":false,"showFlares":true,"showImageEffects":true,"showParticleSystems":true},"in2DMode":false,"pivot":{"x":0.8493815064430237,"y":1.161612868309021,"z":-0.8686685562133789},"rotation":{"x":0.09284302592277527,"y":-0.8785352110862732,"z":0.1902690976858139,"w":0.42836281657218935},"size":5.7157673835754398,"orthographic":false}