{"cameraMode":{"drawMode":0,"name":"Shaded","section":"Shading Mode"},"sceneLighting":false,"audioPlay":false,"sceneViewState":{"showFog":true,"showMaterialUpdate":false,"showSkybox":false,"showFlares":true,"showImageEffects":true,"showParticleSystems":true},"in2DMode":false,"pivot":{"x":12.440910339355469,"y":3.359999895095825,"z":15.249184608459473},"rotation":{"x":0.24366500973701478,"y":-0.2111499011516571,"z":0.05441352725028992,"w":0.945124089717865},"size":5.715765476226807,"orthographic":false}