{"cameraMode":{"drawMode":0,"name":"Shaded","section":"Shading Mode"},"sceneLighting":true,"audioPlay":false,"sceneViewState":{"showFog":true,"showMaterialUpdate":false,"showSkybox":false,"showFlares":true,"showImageEffects":true,"showParticleSystems":true},"in2DMode":false,"pivot":{"x":32.985572814941409,"y":0.5014296770095825,"z":18.27882194519043},"rotation":{"x":-0.38289541006088259,"y":-0.08798304945230484,"z":0.03671712055802345,"w":-0.9189106225967407},"size":30.918132781982423,"orthographic":false}