{"cameraMode":{"drawMode":0,"name":"Shaded","section":"Shading Mode"},"sceneLighting":false,"audioPlay":false,"sceneViewState":{"showFog":true,"showMaterialUpdate":false,"showSkybox":false,"showFlares":true,"showImageEffects":true,"showParticleSystems":true},"in2DMode":false,"pivot":{"x":10.569389343261719,"y":2.723194122314453,"z":26.307884216308595},"rotation":{"x":0.2591931223869324,"y":-0.34058678150177,"z":0.09816616028547287,"w":0.8985281586647034},"size":114.31536102294922,"orthographic":false}