{"cameraMode":{"drawMode":0,"name":"Shaded","section":"Shading Mode"},"sceneLighting":false,"audioPlay":false,"sceneViewState":{"showFog":true,"showMaterialUpdate":false,"showSkybox":false,"showFlares":true,"showImageEffects":true,"showParticleSystems":true},"in2DMode":false,"pivot":{"x":11.020231246948243,"y":2.8467321395874025,"z":5.920141696929932},"rotation":{"x":-0.21909533441066743,"y":-0.6346508264541626,"z":0.19450603425502778,"w":-0.7152279615402222},"size":4.652731895446777,"orthographic":false}