{"cameraMode":{"drawMode":0,"name":"Shaded","section":"Shading Mode"},"sceneLighting":true,"audioPlay":false,"sceneViewState":{"showFog":true,"showMaterialUpdate":false,"showSkybox":false,"showFlares":true,"showImageEffects":true,"showParticleSystems":true},"in2DMode":false,"pivot":{"x":13.858206748962403,"y":4.376204490661621,"z":30.313705444335939},"rotation":{"x":-0.2532438635826111,"y":-0.0751541331410408,"z":0.019809972494840623,"w":-0.9643535017967224},"size":14.937325477600098,"orthographic":false}