{"cameraMode":{"drawMode":0,"name":"Shaded","section":"Shading Mode"},"sceneLighting":false,"audioPlay":false,"sceneViewState":{"showFog":true,"showMaterialUpdate":false,"showSkybox":false,"showFlares":true,"showImageEffects":true,"showParticleSystems":true},"in2DMode":false,"pivot":{"x":0.4749853014945984,"y":1.8038716316223145,"z":0.030437469482421876},"rotation":{"x":0.2766772210597992,"y":0.05532975494861603,"z":-0.015990599989891053,"w":0.9592519998550415},"size":4.5167741775512699,"orthographic":false}