{"cameraMode":{"drawMode":0,"name":"Shaded","section":"Shading Mode"},"sceneLighting":false,"audioPlay":false,"sceneViewState":{"showFog":true,"showMaterialUpdate":false,"showSkybox":false,"showFlares":true,"showImageEffects":true,"showParticleSystems":true},"in2DMode":false,"pivot":{"x":5.767495155334473,"y":1.8524949550628663,"z":5.067495346069336},"rotation":{"x":0.30944883823394778,"y":0.06306173652410507,"z":-0.020600205287337304,"w":0.9486702084541321},"size":26.06279182434082,"orthographic":false}