{"cameraMode":{"drawMode":0,"name":"Shaded","section":"Shading Mode"},"sceneLighting":false,"audioPlay":false,"sceneViewState":{"showFog":true,"showMaterialUpdate":false,"showSkybox":false,"showFlares":true,"showImageEffects":true,"showParticleSystems":true},"in2DMode":false,"pivot":{"x":12.522507667541504,"y":2.7187652587890627,"z":32.757904052734378},"rotation":{"x":-0.2611348032951355,"y":-0.030185632407665254,"z":0.008243653923273087,"w":-0.9648730158805847},"size":114.31536102294922,"orthographic":false}