{"cameraMode":{"drawMode":0,"name":"Shaded","section":"Shading Mode"},"sceneLighting":true,"audioPlay":false,"sceneViewState":{"showFog":true,"showMaterialUpdate":false,"showSkybox":false,"showFlares":true,"showImageEffects":true,"showParticleSystems":true},"in2DMode":false,"pivot":{"x":49.494606018066409,"y":2.673851490020752,"z":7.376587867736816},"rotation":{"x":0.19514253735542298,"y":-0.3305293321609497,"z":0.06998371332883835,"w":0.9208205938339233},"size":13.882148742675782,"orthographic":false}