{"cameraMode":{"drawMode":0,"name":"Shaded","section":"Shading Mode"},"sceneLighting":false,"audioPlay":false,"sceneViewState":{"showFog":true,"showMaterialUpdate":false,"showSkybox":false,"showFlares":true,"showImageEffects":true,"showParticleSystems":true},"in2DMode":false,"pivot":{"x":44.81496810913086,"y":3.260082483291626,"z":-9.295845985412598},"rotation":{"x":-0.24105675518512727,"y":-0.31996726989746096,"z":0.0845903754234314,"w":-0.912416398525238},"size":16.527231216430665,"orthographic":false}