{"cameraMode":{"drawMode":0,"name":"Shaded","section":"Shading Mode"},"sceneLighting":false,"audioPlay":false,"sceneViewState":{"showFog":true,"showMaterialUpdate":false,"showSkybox":false,"showFlares":true,"showImageEffects":true,"showParticleSystems":true},"in2DMode":false,"pivot":{"x":12.844328880310059,"y":5.4039998054504398,"z":7.964289665222168},"rotation":{"x":0.14026488363742829,"y":-0.5797206163406372,"z":0.1020289734005928,"w":0.7962607741355896},"size":0.5819998979568481,"orthographic":false}