{"cameraMode":{"drawMode":0,"name":"Shaded","section":"Shading Mode"},"sceneLighting":false,"audioPlay":false,"sceneViewState":{"showFog":true,"showMaterialUpdate":false,"showSkybox":false,"showFlares":true,"showImageEffects":true,"showParticleSystems":true},"in2DMode":false,"pivot":{"x":332.8332824707031,"y":404.1730651855469,"z":133.18942260742188},"rotation":{"x":0.1470915526151657,"y":-0.3237212300300598,"z":0.05098474770784378,"w":0.9332740902900696},"size":616.098388671875,"orthographic":false}