{"cameraMode":{"drawMode":0,"name":"Shaded","section":"Shading Mode"},"sceneLighting":false,"audioPlay":false,"sceneViewState":{"showFog":true,"showMaterialUpdate":false,"showSkybox":false,"showFlares":true,"showImageEffects":true,"showParticleSystems":true},"in2DMode":false,"pivot":{"x":-4.244379043579102,"y":11.239185333251954,"z":-3.3806190490722658},"rotation":{"x":-0.26483529806137087,"y":0.123399518430233,"z":-0.03426218777894974,"w":-0.9558025598526001},"size":153.4910888671875,"orthographic":false}