{"cameraMode":{"drawMode":0,"name":"Shaded","section":"Shading Mode"},"sceneLighting":false,"audioPlay":false,"sceneViewState":{"showFog":true,"showMaterialUpdate":false,"showSkybox":false,"showFlares":true,"showImageEffects":true,"showParticleSystems":true},"in2DMode":false,"pivot":{"x":0.34958118200302126,"y":9.819999694824219,"z":0.6700000762939453},"rotation":{"x":0.1501401662826538,"y":-0.6212968826293945,"z":0.12298794090747833,"w":0.7592501044273377},"size":2.2110002040863039,"orthographic":false}