{"cameraMode":{"drawMode":0,"name":"Shaded","section":"Shading Mode"},"sceneLighting":false,"audioPlay":false,"sceneViewState":{"showFog":true,"showMaterialUpdate":false,"showSkybox":false,"showFlares":true,"showImageEffects":true,"showParticleSystems":true},"in2DMode":false,"pivot":{"x":-1.323441505432129,"y":2.2318849563598635,"z":2.803410053253174},"rotation":{"x":0.014600193127989769,"y":-0.981882631778717,"z":0.08445890992879868,"w":0.16953615844249726},"size":5.7157673835754398,"orthographic":false}