{"cameraMode":{"drawMode":0,"name":"Shaded","section":"Shading Mode"},"sceneLighting":true,"audioPlay":false,"sceneViewState":{"showFog":true,"showMaterialUpdate":false,"showSkybox":false,"showFlares":true,"showImageEffects":true,"showParticleSystems":true},"in2DMode":false,"pivot":{"x":1348.950439453125,"y":674.208251953125,"z":712.6319580078125},"rotation":{"x":-0.21969853341579438,"y":0.1768115907907486,"z":-0.0406019352376461,"w":-0.9586037397384644},"size":2524.319580078125,"orthographic":false}