{"cameraMode":{"drawMode":0,"name":"Shaded","section":"Shading Mode"},"sceneLighting":false,"audioPlay":false,"sceneViewState":{"showFog":true,"showMaterialUpdate":false,"showSkybox":false,"showFlares":true,"showImageEffects":true,"showParticleSystems":true},"in2DMode":false,"pivot":{"x":12.302871704101563,"y":2.7187633514404299,"z":7.459571361541748},"rotation":{"x":-0.3251919150352478,"y":0.05610300227999687,"z":-0.01946028135716915,"w":-0.9438483715057373},"size":114.31536102294922,"orthographic":false}