{"cameraMode":{"drawMode":0,"name":"Shaded","section":"Shading Mode"},"sceneLighting":false,"audioPlay":false,"sceneViewState":{"showFog":true,"showMaterialUpdate":false,"showSkybox":false,"showFlares":true,"showImageEffects":true,"showParticleSystems":true},"in2DMode":false,"pivot":{"x":12.911478042602539,"y":-4.563187599182129,"z":20.410669326782228},"rotation":{"x":0.31285491585731509,"y":-0.025642096996307374,"z":0.008459935896098614,"w":0.9494404792785645},"size":22.0,"orthographic":false}